{"Pd": {"fcc": {"C": {"0.25": [-6.189081580000002, 0.35574806629514583], "1.0": [-4.5185014175, 0.32727601579562027], "0.5": [-5.468415235, 0.35619256620522027], "0.75": [-4.884931689999999, 0.34785056291116578]}, "Cl": {"0.25": [-2.7417483399999973, 0.28274181469151416], "1.0": [-1.2122687300000001, 0.19259041031518837], "0.5": [-2.174789275, 0.19434306325459882], "0.75": [-1.6307822766666662, 0.18281159799269228]}, "F": {"0.25": [-2.9877339399999983, 0.37544327071777256], "1.0": [-2.453372914999999, 0.20014514742313833], "0.5": [-2.8819260050000004, 0.24916044197255766], "0.75": [-2.65200387, 0.20711920053975311]}, "O": {"0.25": [-3.848010129999998, 0.25132374009917946], "1.0": [-2.9478480975000005, 0.26692786694810561], "0.5": [-3.577955679999998, 0.25822175322296986], "0.75": [-3.2747713399999996, 0.26088399175193822]}, "N": {"0.25": [-4.153927969999998, 0.31838341196850917], "1.0": [-2.8659289749999997, 0.33446934291228642], "0.5": [-3.5705263099999986, 0.33186185531299406], "0.75": [-3.0897408533333324, 0.33267777817083483]}, "S": {"0.25": [-4.467871559999999, 0.30610641755404644], "1.0": [-2.9440353925, 0.28781355712506201], "0.5": [-3.8788911599999985, 0.29864887538846613], "0.75": [-3.3867478766666657, 0.29268300476898351]}, "Br": {"0.25": [-2.61444776, 0.28753773289341794], "1.0": [-0.7570398950000001, 0.20457615519999783], "0.5": [-1.9219795799999995, 0.20430749929648609], "0.75": [-1.2267392233333327, 0.20100536268642322]}}, "ontop": {"C": {"0.25": [-3.813086, 0.35851524016827496], "1.0": [-3.7551805025, 0.25967604014521067], "0.5": [-3.813086, 0.35851524016827496], "0.75": [-3.7840399600000008, 0.2622805712453456]}, "Cl": {"0.25": [-2.3905374599999973, 0.31035934982317626], "1.0": [-1.416594545, 0.24827659471804581], "0.5": [-2.0687726599999987, 0.24661228750271705], "0.75": [-1.6829703399999998, 0.23180136925046663]}, "F": {"0.25": [-2.794283019999998, 0.37411497708593688], "1.0": [-2.3717529575, 0.21819820985404101], "0.5": [-2.663431449999999, 0.25039755931649255], "0.75": [-2.511620396666667, 0.22408722490813915]}, "O": {"0.25": [-2.223880489999998, 0.3427479438611773], "1.0": [-1.9778847750000006, 0.31114505185070634], "0.5": [-2.167728199999998, 0.28192147587352356], "0.75": [-2.081110023333332, 0.29680828515766489]}, "N": {"0.25": [-1.72180517, 0.41390740659084624], "1.0": [-1.70099342, 0.37073682776700634], "0.5": [-1.72180517, 0.41390740659084624], "0.75": [-3.73909518, 0.19134447186987066]}, "S": {"0.25": [-2.713050159999998, 0.35051895388819221], "1.0": [-2.8295634424999996, 0.24598218219735554], "0.5": [-2.9290421749999993, 0.2487714014492737], "0.75": [-2.9290421749999993, 0.2487714014492737]}, "Br": {"0.25": [-2.2381880799999996, 0.30818960344967028], "1.0": [-0.87519525, 0.19283660475666453], "0.5": [-1.9308406949999997, 0.2418740937547188], "0.75": [-1.3438288999999999, 0.21979882427785172]}}}, "Pt": {"fcc": {"C": {"0.25": [-6.342246230000002, 0.31815500540003933], "1.0": [-4.814418112500002, 0.2858214365370646], "0.5": [-5.714475945000002, 0.30481695359867889], "0.75": [-5.151213153333335, 0.30136160564504583]}, "Cl": {"0.25": [-2.006750669999999, 0.52679368880033595], "1.0": [-0.8735502749999997, 0.2456922677773466], "0.5": [-2.006750669999999, 0.52679368880033595], "0.75": [-1.2059688333333336, 0.21976401843081841]}, "F": {"0.25": [-2.175772949999999, 0.65862914866632449], "1.0": [-2.0867947549999997, 0.19955016083646079], "0.5": [-2.175772949999999, 0.65862914866632449], "0.75": [-2.200770896666667, 0.2463099744908675]}, "O": {"0.25": [-3.64166205, 0.19602140470455798], "1.0": [-2.853771625000001, 0.2089618677066685], "0.5": [-3.3754458100000013, 0.21097714387380401], "0.75": [-3.0914630200000004, 0.20835875309850196]}, "N": {"0.25": [-4.239219920000004, 0.22404598175786949], "1.0": [-3.1961135325000005, 0.23660472809616426], "0.5": [-3.7734538200000007, 0.23107772440528063], "0.75": [-3.3739918800000015, 0.23526694131099735]}, "S": {"0.25": [-4.553614320000001, 0.29459551999295275], "1.0": [-2.669645860000001, 0.23727341225662726], "0.5": [-3.776078475000002, 0.26582499315889246], "0.75": [-3.119661950000001, 0.24614343441955652]}, "Br": {"0.25": [-1.945522140000004, 0.52437634203506334], "1.0": [-0.6610987274999998, 0.29607289709223417], "0.5": [-1.945522140000004, 0.52437634203506334], "0.75": [-1.0314598300000009, 0.3581825292115573]}}, "ontop": {"C": {"0.25": [-4.043706240000001, 0.64986945079192981], "1.0": [-4.128112467500001, 0.25883517013949497], "0.5": [-4.170966925, 0.35153068113171465], "0.75": [-4.161809683333333, 0.27287988822111142]}, "Cl": {"0.25": [-1.9643982100000026, 0.64349343828497318], "1.0": [-1.4579303249999997, 0.24393543608516094], "0.5": [-1.9146994699999988, 0.35952299528453852], "0.75": [-1.6469135766666663, 0.26173065366039833]}, "F": {"0.25": [-2.4147477800000026, 0.72722514225576174], "1.0": [-2.5371114125, 0.23294525946254879], "0.5": [-2.545481555000002, 0.38778918642708449], "0.75": [-2.547453236666668, 0.27967554548612805]}, "O": {"0.25": [-1.965655830000002, 0.60737672046913249], "1.0": [-2.383031570000001, 0.26986304634447728], "0.5": [-2.229659650000001, 0.31583216773443246], "0.75": [-2.320143260000001, 0.28091851667098805]}, "N": {"0.25": [-1.666021110000003, 0.70307957368391927], "1.0": [-2.106117905, 0.35530695957068859], "0.5": [-1.666021110000003, 0.70307957368391927], "0.75": [-1.666021110000003, 0.70307957368391927]}, "S": {"0.25": [-2.246055680000005, 0.59760672942102244], "1.0": [-2.9676388100000004, 0.23394643473638449], "0.5": [-2.84956721, 0.34857585789429368], "0.75": [-2.84956721, 0.34857585789429368]}, "Br": {"0.25": [-1.7922146100000047, 0.67064853865738383], "1.0": [-0.8150156750000006, 0.23041253549159671], "0.5": [-1.7310190600000004, 0.36710738396297871], "0.75": [-1.220102500000001, 0.27656238839232256]}}}}