{"Pd": {"fcc": {"C": {"0.25": [-6.3318117400000045, 0.45745405935054723, -0.5726010804264909], "1.0": [-4.4473049025, 0.43004012371382266, -0.6553556304264916], "0.5": [-5.539139805000001, 0.44950160981956616, -0.6183706804264908], "0.75": [-4.902998360000001, 0.44768551424469499, -0.647067147093157]}, "Cl": {"0.25": [-2.92315889, 0.15134123845680547, -0.6531310485444402], "1.0": [-1.2608007150000005, 0.18321163372723087, -0.8544166485444404], "0.5": [-2.266808115, 0.15921570836820803, -0.7294594485444379], "0.75": [-1.6923413400000002, 0.17038183939276619, -0.8076588152111057]}, "F": {"0.25": [-3.1723452300000012, 0.15720653433562709, -0.3620480287310863], "1.0": [-2.513162275, 0.17722094933170005, -0.46666765373108965], "0.5": [-2.9807249350000014, 0.16384467259983812, -0.37272617873109026], "0.75": [-2.722244640000001, 0.17091441821721501, -0.4429531953977562]}, "O": {"0.25": [-3.9788530399999997, 0.30205318328559777, -0.5211078279661281], "1.0": [-2.9084936624999997, 0.31019076517859823, -0.6002665029661303], "0.5": [-3.665151110000001, 0.30303174551090184, -0.5400859279661299], "0.75": [-3.312045716666667, 0.30330308308505183, -0.5695619612994625]}, "N": {"0.25": [-4.278596179999997, 0.38910515550375885, -0.5912429195047293], "1.0": [-2.8939620225, 0.3887019622751498, -0.6804019945047288], "0.5": [-3.650210419999999, 0.38418456874048956, -0.6208819195047288], "0.75": [-3.1471676966666675, 0.38328450556056348, -0.6487007861713959]}, "S": {"0.25": [-4.614506340000002, 0.4002909894931464, -0.854790917914708], "1.0": [-2.9361353775000003, 0.38418035744010892, -1.0206567179147104], "0.5": [-3.9653981500000004, 0.37700742356645023, -0.8906126679147082], "0.75": [-3.425941896666668, 0.37141026838020003, -0.9452880845813757]}, "Br": {"0.25": [-2.79494486, 0.15570489748978716, -0.7294163718234701], "1.0": [-0.8062661174999999, 0.17479982663280066, -0.78521427182347], "0.5": [-2.0090787400000005, 0.15675287614134084, -0.7738419218234698], "0.75": [-1.2884905466666667, 0.16834781798626386, -0.7964919051568028]}}, "ontop": {"C": {"0.25": [-3.995024420000002, 0.27342436443953849, -0.45031858042648665], "1.0": [-3.8021489225, 0.26461256890759588, -0.5421083304264904], "0.5": [-3.9005147499999993, 0.27028245856960548, -0.4816367804264914], "0.75": [-3.8452613266666664, 0.26689954800514537, -0.5068337137598237]}, "Cl": {"0.25": [-2.57684407, 0.13561154221076685, -0.49670974854444205], "1.0": [-1.4643442675000007, 0.20936995907949976, -0.7656716985444398], "0.5": [-2.1602902900000007, 0.15523877729625782, -0.5878942485444392], "0.75": [-1.743700013333334, 0.18381785459248778, -0.6745512152111056]}, "F": {"0.25": [-2.98922417, 0.15230421092349442, -0.20470562873108888], "1.0": [-2.4420824375000008, 0.18789118094481555, -0.3332983537310896], "0.5": [-2.7716951000000005, 0.16323139832413469, -0.25071137873108795], "0.75": [-2.5941251933333334, 0.17449259246458551, -0.2995232287310901]}, "O": {"0.25": [-2.4150163700000027, 0.24277509008306478, -0.3359774279661296], "1.0": [-2.034694462500001, 0.30412786605800368, -0.45482480296612926], "0.5": [-2.265426715000001, 0.26619649286337527, -0.396191677966131], "0.75": [-2.152691236666667, 0.28059682237641503, -0.4092108612994627]}, "N": {"0.25": [-1.9005410500000015, 0.29717338052171299, -0.44209891950472957], "1.0": [-1.7524790250000009, 0.34676060987044383, -0.5081344945047304], "0.75": [-1.8160934433333338, 0.32611428186427854, -0.47523875283806394]}, "S": {"0.25": [-2.8976799399999997, 0.23965324094768115, -0.6479621179147113], "1.0": [-2.8774221224999996, 0.26410832395884898, -0.8530514429147089], "0.5": [-3.0183367000000008, 0.23213934141154674, -0.690079967914708], "0.75": [-3.069111373333334, 0.24421270206659768, -0.7604274845813753]}, "Br": {"0.25": [-2.41960719, 0.13109865627436518, -0.590174971823467], "1.0": [-0.9247359200000007, 0.18635780733094121, -0.8669204718234693], "0.5": [-2.0224090750000014, 0.15749430664871017, -0.647513021823469], "0.75": [-1.4056585066666676, 0.17689274840668665, -0.7498026718234684]}}}, "Pt": {"fcc": {"C": {"0.25": [-6.615485440000002, 0.46659994133720317, -0.5445628804264935], "1.0": [-4.7604477875, 0.4834879564772705, -0.6371272304264917], "0.5": [-5.890016935, 0.4380136329471373, -0.5667191804264924], "0.75": [-5.264487043333334, 0.48357768653334204, -0.6196917137598241]}, "Cl": {"0.25": [-2.485863499999997, 0.23420020921828447, -0.7398560485444414], "1.0": [-0.994259905, 0.16643082190266514, -0.85121202354444], "0.5": [-2.1512210449999998, 0.13599794942617777, -0.6131679985444412], "0.75": [-1.3660551333333322, 0.17301228431252252, -0.842286548544441]}, "F": {"0.25": [-2.6579939500000016, 0.13350799572965869, -0.4331774287310901], "1.0": [-2.2177869475000005, 0.128197589709143, -0.5026677787310898], "0.5": [-2.7990060949999993, 0.13361878820189776, -0.3127494287310897], "0.75": [-2.3691684233333334, 0.12415552578731329, -0.47689536206442334]}, "O": {"0.25": [-3.8898893400000025, 0.28459681918143404, -0.5218501279661305], "1.0": [-2.8887203124999994, 0.35521049615152228, -0.6406540529661304], "0.5": [-3.589586315000001, 0.28544585537363998, -0.5401172279661297], "0.75": [-3.2300992599999994, 0.31069716910346445, -0.5884504279661303]}, "N": {"0.25": [-4.445792820000001, 0.31142507393234981, -0.5581285195047305], "1.0": [-3.305328289999999, 0.34287242881685009, -0.6497125195047297], "0.5": [-3.9417489800000003, 0.32178599916112555, -0.5945621695047298], "0.75": [-3.531866770000001, 0.34853711467885667, -0.6323652195047306]}, "S": {"0.25": [-4.826636319999999, 0.45764779788204785, -0.8512841179147113], "1.0": [-2.7406836324999997, 0.46103161448044794, -1.0569866929147105], "0.5": [-4.001092414999999, 0.46147874956724866, -0.9217348679147104], "0.75": [-3.272415990000001, 0.45315023947672584, -0.9873681179147104]}, "Br": {"0.25": [-2.427165150000003, 0.24177569541467903, -0.8188441718234694], "1.0": [-0.783163019999999, 0.17258398369034458, -0.7199153218234702], "0.75": [-1.1982028266666662, 0.18149683085186955, -0.5888995384901371]}}, "ontop": {"C": {"0.25": [-4.527139200000002, 0.22041492145218169, -0.3413121804264918], "1.0": [-4.2484184250000006, 0.22430072963205802, -0.5130370554264916], "0.5": [-4.412320565, 0.22103864169070103, -0.41203428042649115], "0.75": [-4.3225518166666665, 0.22412759429671777, -0.47508401375982484]}, "Cl": {"0.25": [-2.4502001699999987, 0.16127630228219486, -0.5423659485444419], "1.0": [-1.5791923424999992, 0.16072228426863744, -0.8285008235444402], "0.5": [-2.1550009900000013, 0.14012480578845926, -0.6282651485444402], "0.75": [-1.806800643333334, 0.14858392321862557, -0.7321807152111077]}, "F": {"0.25": [-2.9057243400000026, 0.12181654316184404, -0.27330302873109047], "1.0": [-2.6730794425000006, 0.1570388117509616, -0.3850597287310904], "0.5": [-2.798869215, 0.13328725367725322, -0.3042337287310912], "0.75": [-2.719795153333333, 0.14553866451976552, -0.33830262873109057]}, "O": {"0.25": [-2.4504965699999977, 0.25350360601318322, -0.3789218279661293], "1.0": [-2.5104643550000008, 0.27552222272688037, -0.4774632779661301], "0.5": [-2.4743812049999994, 0.26645081321676212, -0.42364352796613125], "0.75": [-2.48601278, 0.27135994673911396, -0.45238762796613025]}, "N": {"0.25": [-2.1412560300000014, 0.25743337931513605, -0.45164531950473097], "1.0": [-2.2293542625, 0.277120535825019, -0.5123248195047301], "0.5": [-2.170652704999999, 0.25541617990383952, -0.443476369504731], "0.75": [-2.195239716666666, 0.26039738531322976, -0.47790798617139735]}, "S": {"0.25": [-2.723592840000002, 0.28023469248646043, -0.7047732179147121], "1.0": [-3.0890733249999993, 0.2746581842423641, -0.8917720929147099], "0.5": [-3.089320430000001, 0.23270952743132586, -0.7108435679147103], "0.75": [-3.22807169, 0.2397340724320223, -0.7855651845813773]}, "Br": {"0.25": [-2.276487249999998, 0.14782436086588496, -0.6165876718234722], "1.0": [-0.9389059150000003, 0.19307025440656611, -0.9384704468234701], "0.5": [-1.9726848750000014, 0.1435115075949305, -0.708966471823471],